Property_ID,Arrondissement,Property_Type,Size_sqm,Rooms,Floor,Year_Built,Condition,Distance_to_Center_km,Price_EUR
P10000,4,Apartment,117,4,7,1870,Renovated,2.76,2270802.89
P10001,8,Studio,89,3,3,1953,Good,10.77,1637076.12
P10002,4,Apartment,164,5,5,1979,Needs Renovation,3.14,3220782.59
P10003,2,Apartment,35,1,5,1938,New,4.72,407781.74
P10004,7,Studio,73,2,2,1957,New,7.96,624879.12
P10005,18,Studio,78,1,2,1984,Needs Renovation,2.97,667477.59
P10006,8,Loft,181,2,1,1858,Renovated,0.73,3508979.39
P10007,1,Studio,144,4,6,2021,Needs Renovation,7.68,1568492.01
P10008,11,Penthouse,189,3,3,1899,Good,10.11,3574338.67
P10009,7,Penthouse,16,2,1,1893,New,14.12,236998.46
P10010,3,Loft,28,4,7,1931,New,8.33,239196.37
P10011,12,Penthouse,38,2,8,2006,Renovated,12.13,744156.42
P10012,2,Loft,79,1,7,1978,New,3.38,1567568.82
P10013,13,Apartment,77,3,7,2012,Renovated,11.96,799730.38
P10014,20,Penthouse,137,5,9,1890,Good,13.77,2618838.64
P10015,3,Apartment,86,4,6,2000,Good,10.2,1029486.76
P10016,10,Apartment,51,3,5,1884,Good,7.35,769874.25
P10017,4,Loft,115,3,9,1991,Renovated,7.66,1969883.37
P10018,15,Penthouse,151,2,2,1912,Good,13.49,1254059.46
P10019,12,Penthouse,66,5,4,2000,Good,9.26,930787.99
P10020,9,Apartment,157,3,6,1935,Good,13.27,1638567.35
P10021,18,Studio,184,5,4,1983,Good,7.12,2124759.18
P10022,15,Loft,122,4,9,1941,Renovated,5.67,1585770.56
P10023,18,Studio,143,1,8,1965,Renovated,5.61,2255436.25
P10024,2,Studio,17,3,4,1900,New,4.41,221151.84
P10025,11,Loft,166,3,7,1962,Renovated,1.44,1971820.24
P10026,3,Studio,66,4,1,1980,Renovated,4.86,727411.58
P10027,7,Loft,127,1,1,1979,Needs Renovation,6.46,1422574.27
P10028,15,Studio,101,5,0,1996,Renovated,10.37,1226226.35
P10029,5,Studio,67,4,5,2009,Renovated,9.09,896017.66
P10030,19,Loft,197,3,0,1887,Needs Renovation,5.83,2449863.13
P10031,12,Studio,130,2,0,1973,Good,7.87,2028306.35
P10032,17,Loft,107,3,3,1996,New,10.81,1614706.54
P10033,2,Apartment,161,4,3,2010,Good,6.26,2534473.83
P10034,6,Loft,53,2,8,2000,New,8.35,956783.63
P10035,13,Loft,56,3,9,1961,Needs Renovation,8.55,601585.61
P10036,17,Penthouse,74,1,4,1886,New,13.3,806764.83
P10037,4,Penthouse,23,1,2,1997,Renovated,13.36,280381.84
P10038,4,Penthouse,134,1,0,2013,Needs Renovation,13.53,2104386.89
P10039,6,Loft,98,3,8,1948,New,14.62,1221804.53
P10040,9,Studio,160,2,2,2018,New,3.05,2212378.41
P10041,10,Studio,82,1,3,1977,Good,11.29,1141991.42
P10042,12,Studio,159,1,2,1968,New,4.13,2307166.76
P10043,20,Penthouse,172,5,7,1876,Needs Renovation,6.8,2380635.8
P10044,1,Apartment,35,1,0,1910,Renovated,7.74,522299.63
P10045,10,Studio,18,3,0,2021,New,14.14,310007.67
P10046,8,Apartment,60,5,8,1886,New,13.96,1116115.7
P10047,16,Apartment,60,5,0,1965,Good,4.77,892050.58
P10048,5,Loft,174,1,1,1874,Good,6.22,2053733.15
P10049,9,Loft,68,2,7,1963,Good,9.42,1302893.74
P10050,18,Studio,100,2,9,1979,Renovated,5.18,1104996.38
P10051,13,Penthouse,118,1,5,1888,Needs Renovation,4.76,1137455.81
P10052,17,Loft,40,3,7,1862,New,1.68,442979.33
P10053,8,Studio,149,1,3,1914,New,1.53,2314675.21
P10054,11,Apartment,158,4,1,1915,Good,6.86,2945026.11
P10055,19,Studio,100,3,5,1907,New,12.98,1358717.62
P10056,3,Apartment,63,4,5,1950,Good,8.07,533359.06
P10057,3,Apartment,67,4,4,1952,Renovated,1.74,709520.11
P10058,3,Studio,123,4,2,1904,Renovated,2.51,1591158.36
P10059,16,Studio,158,5,9,2007,Good,1.1,3102241.9
P10060,19,Loft,134,3,6,1939,Good,0.87,1777866.04
P10061,16,Loft,131,1,0,1907,Good,13.77,2130321.84
P10062,4,Apartment,48,1,4,1978,Needs Renovation,14.35,764273.69
P10063,12,Loft,83,5,9,1993,Needs Renovation,2.8,1081921.66
P10064,15,Apartment,100,1,4,1896,New,1.09,1210255.6
P10065,2,Loft,158,2,4,1888,Renovated,5.52,2711338.95
P10066,4,Studio,115,2,4,1949,Good,1.16,1769873.14
P10067,7,Loft,152,2,0,1918,Good,10.42,2918587.83
P10068,14,Studio,30,2,3,2001,Renovated,10.32,249544.07
P10069,15,Studio,177,4,2,2020,New,14.15,1688934.75
P10070,15,Apartment,81,1,9,1892,New,3.34,1582277.23
P10071,18,Apartment,155,4,1,1884,New,5.38,1427447.08
P10072,8,Studio,104,5,9,2011,Needs Renovation,4.28,1886404.39
P10073,16,Loft,149,4,1,1924,Good,13.22,2430887.96
P10074,13,Apartment,178,1,8,2013,Good,3.07,3140235.27
P10075,13,Apartment,166,3,3,1945,Needs Renovation,5.44,3301086.24
P10076,9,Loft,51,4,6,1948,Renovated,2.0,670544.34
P10077,14,Loft,31,1,8,1935,Good,4.82,435953.88
P10078,7,Penthouse,33,1,8,1996,Good,1.82,285180.18
P10079,2,Apartment,42,4,4,1918,Renovated,4.75,625012.7
P10080,2,Apartment,39,4,3,1902,Needs Renovation,11.98,626738.64
P10081,17,Studio,71,5,9,2016,New,14.94,1361151.6
P10082,17,Apartment,136,5,1,1925,Good,10.48,2290842.03
P10083,3,Apartment,159,5,7,2019,Good,6.25,2871821.3
P10084,13,Apartment,41,2,4,2015,Good,14.81,400129.57
P10085,19,Apartment,123,1,0,1920,New,14.8,2283411.31
P10086,14,Penthouse,146,4,2,1957,Renovated,8.6,1827206.79
P10087,7,Penthouse,105,2,6,1975,Good,7.64,1982006.53
P10088,9,Loft,155,2,9,1997,Good,2.22,2111708.79
P10089,10,Loft,75,1,2,1941,Renovated,14.45,1269790.49
P10090,3,Apartment,127,1,5,1966,Needs Renovation,14.47,2339745.07
P10091,20,Apartment,58,5,4,1929,New,8.15,1139035.66
P10092,18,Studio,178,3,8,1995,Renovated,2.91,2909398.16
P10093,5,Penthouse,63,1,5,1852,New,13.57,978433.91
P10094,8,Penthouse,199,3,7,1951,Renovated,7.11,2262940.1
P10095,6,Loft,170,5,3,1939,Renovated,6.13,1925857.61
P10096,20,Apartment,74,2,4,1890,Renovated,4.27,828152.88
P10097,4,Studio,169,1,4,2006,Renovated,2.43,1919360.39
P10098,4,Apartment,49,5,2,1896,Good,13.83,945032.71
P10099,9,Penthouse,24,2,4,1968,Good,6.46,350857.31
P10100,11,Studio,132,1,0,1860,Renovated,9.11,1816906.21
P10101,17,Loft,77,1,0,2010,Renovated,7.3,1512200.9
P10102,2,Apartment,113,1,6,1855,Needs Renovation,10.53,922539.18
P10103,9,Apartment,109,5,4,1872,New,11.65,2175600.98
P10104,11,Studio,179,2,0,1934,Renovated,7.03,3257042.6
P10105,6,Loft,124,1,3,1962,Needs Renovation,11.48,2411627.93
P10106,18,Apartment,48,4,6,2003,New,7.72,538755.35
P10107,3,Studio,196,3,0,1903,New,14.54,2791424.55
P10108,12,Studio,71,1,6,1934,Needs Renovation,9.77,682180.97
P10109,5,Apartment,89,3,1,1887,Renovated,9.32,1676565.33
P10110,12,Apartment,96,3,1,1901,Renovated,8.44,872834.41
P10111,7,Studio,93,4,9,1900,New,10.62,1076522.75
P10112,12,Loft,43,4,0,1923,Good,11.65,581022.95
P10113,8,Studio,98,5,4,1975,Good,9.68,1936518.31
P10114,14,Apartment,129,1,5,1993,Good,9.79,1744264.46
P10115,11,Loft,118,4,2,1945,Good,7.37,1433464.87
P10116,9,Studio,107,2,2,1996,New,12.42,1628885.05
P10117,13,Apartment,106,2,4,1919,Needs Renovation,2.25,1073157.34
P10118,8,Studio,26,2,0,1927,Needs Renovation,5.29,486995.79
P10119,12,Penthouse,169,1,8,1905,Good,13.17,1539165.31
P10120,8,Apartment,77,5,3,1850,Good,1.73,618397.8
P10121,13,Penthouse,113,5,7,1863,Renovated,9.46,2241364.49
P10122,3,Penthouse,92,2,7,1964,Renovated,10.84,1561207.92
P10123,17,Loft,125,3,1,1887,Renovated,8.22,1798170.23
P10124,1,Apartment,29,1,9,1888,Renovated,5.17,488617.01
P10125,6,Penthouse,100,2,8,1994,New,5.47,1442402.68
P10126,4,Loft,39,4,8,1958,Renovated,7.45,478188.81
P10127,11,Loft,125,2,7,1962,New,8.68,1836613.4
P10128,13,Studio,56,1,3,1875,Renovated,9.31,674764.27
P10129,2,Loft,198,3,4,1970,New,3.94,3927960.23
P10130,17,Studio,164,5,6,1961,Renovated,2.83,1612826.79
P10131,14,Apartment,89,1,2,1880,Renovated,6.45,797689.64
P10132,20,Penthouse,50,2,3,1928,New,12.35,745599.05
P10133,10,Penthouse,127,3,1,1928,Needs Renovation,8.26,2266992.89
P10134,11,Loft,40,3,4,1919,Renovated,14.54,722519.63
P10135,18,Studio,82,3,3,1962,Good,8.18,852314.82
P10136,14,Loft,15,2,5,1886,Good,7.84,258200.31
P10137,20,Penthouse,114,5,0,1983,Needs Renovation,5.38,1640582.34
P10138,18,Apartment,24,5,1,1862,Renovated,10.43,210251.99
P10139,10,Studio,98,1,8,1866,Needs Renovation,2.19,947257.93
P10140,19,Penthouse,157,3,0,1918,Needs Renovation,12.54,1913267.81
P10141,15,Loft,192,5,8,2011,Good,3.13,3219918.66
P10142,17,Loft,49,1,5,1909,Good,12.71,827778.94
P10143,3,Penthouse,86,3,2,2014,Renovated,12.31,1508715.87
P10144,3,Studio,137,2,8,1891,Renovated,6.19,2588531.92
P10145,8,Studio,54,3,0,1872,Good,6.86,836417.8
P10146,1,Apartment,167,1,6,1902,Good,13.64,3138747.44
P10147,16,Apartment,193,3,2,1984,Needs Renovation,11.09,2543419.18
P10148,14,Studio,56,4,0,2004,Needs Renovation,11.93,981584.93
P10149,16,Loft,52,1,4,2004,Good,11.29,610514.57
P10150,5,Apartment,100,2,9,1946,New,1.99,1714950.42
P10151,14,Studio,155,4,3,1864,Good,12.06,2090020.41
P10152,17,Loft,19,5,1,2004,New,9.8,204269.32
P10153,18,Studio,178,4,4,1997,New,3.13,2953758.5
P10154,15,Studio,88,2,9,1990,Needs Renovation,2.52,1704331.21
P10155,17,Penthouse,125,4,3,1917,Needs Renovation,11.96,1889444.36
P10156,20,Loft,51,2,9,1986,Needs Renovation,6.65,880002.96
P10157,6,Loft,43,1,6,1850,Needs Renovation,2.14,821593.35
P10158,9,Studio,163,2,5,1906,Renovated,5.32,2944884.66
P10159,17,Loft,196,3,4,1902,Good,5.36,2958679.82
P10160,9,Loft,194,1,8,1884,New,6.27,1562783.35
P10161,10,Studio,39,2,1,1984,Renovated,5.53,742492.43
P10162,11,Penthouse,176,3,2,2001,New,8.88,2363084.29
P10163,5,Studio,194,5,0,1878,Good,8.92,3681761.26
P10164,13,Studio,164,2,4,1898,Good,3.08,1337769.89
P10165,3,Loft,98,1,5,1935,Needs Renovation,1.74,958827.37
P10166,11,Loft,118,1,6,1972,Needs Renovation,12.1,1368227.81
P10167,2,Studio,76,5,7,1868,Needs Renovation,1.45,1177978.1
P10168,13,Apartment,92,3,1,1962,Needs Renovation,6.31,1236430.87
P10169,16,Apartment,180,3,0,1857,Renovated,13.0,1775318.93
P10170,10,Loft,117,3,9,1959,Needs Renovation,8.14,1460126.28
P10171,18,Studio,101,4,6,1942,Needs Renovation,6.42,1825824.1
P10172,8,Penthouse,71,3,7,1903,Needs Renovation,5.42,764875.73
P10173,16,Apartment,81,3,7,2011,Needs Renovation,12.18,1282469.22
P10174,11,Loft,102,3,3,2014,Good,2.55,1994282.77
P10175,15,Studio,156,2,6,2010,New,3.51,1272339.6
P10176,13,Apartment,161,5,1,1851,New,13.7,2981289.95
P10177,14,Studio,162,3,1,1968,Needs Renovation,4.39,1800319.15
P10178,6,Apartment,19,5,8,1902,Renovated,4.77,245345.86
P10179,13,Penthouse,100,4,9,2007,Good,7.57,968135.81
P10180,15,Penthouse,142,1,0,1863,Renovated,11.25,1962062.34
P10181,13,Penthouse,39,1,3,2003,Needs Renovation,8.12,377218.64
P10182,9,Apartment,123,2,5,1995,Needs Renovation,8.18,1385925.61
P10183,1,Apartment,56,4,1,1866,Renovated,6.38,782716.99
P10184,8,Apartment,136,4,9,1935,New,2.48,1424879.52
P10185,1,Studio,71,3,8,1902,Good,3.04,1076995.96
P10186,1,Studio,187,1,9,1895,Good,1.18,2435721.06
P10187,5,Loft,68,3,4,1885,New,11.68,694446.67
P10188,19,Studio,43,5,3,1962,Needs Renovation,10.96,775932.76
P10189,9,Penthouse,68,2,7,1999,Good,11.12,867665.89
P10190,20,Apartment,47,2,3,1930,Good,7.7,393587.29
P10191,10,Apartment,123,3,9,1922,New,1.59,1477343.98
P10192,10,Loft,31,1,7,1891,Needs Renovation,7.17,432322.77
P10193,7,Apartment,49,3,2,1951,Good,9.06,437726.02
P10194,4,Penthouse,33,5,0,1866,New,14.28,300266.5
P10195,19,Apartment,69,1,7,1932,Renovated,11.12,705290.07
P10196,18,Loft,163,1,5,1874,Renovated,13.6,2592580.27
P10197,3,Penthouse,26,3,9,1896,New,1.14,516152.42
P10198,14,Loft,30,1,4,1935,New,13.77,305007.12
P10199,14,Penthouse,28,5,2,1921,Needs Renovation,14.58,469623.95
P10200,5,Loft,96,4,1,1952,Good,1.04,1740920.91
P10201,17,Penthouse,173,3,1,1980,Needs Renovation,10.6,2547965.85
P10202,15,Loft,182,2,6,1864,Renovated,12.16,3038890.63
P10203,11,Studio,18,5,1,2010,New,13.35,286917.52
P10204,9,Loft,184,4,6,2019,Good,14.86,1986374.52
P10205,15,Loft,27,5,2,1972,Renovated,14.97,340404.3
P10206,1,Loft,43,1,4,1865,Renovated,13.17,551396.35
P10207,6,Loft,135,2,6,1933,Good,11.19,1228552.92
P10208,12,Penthouse,191,3,7,2007,Renovated,12.87,2599076.28
P10209,9,Penthouse,160,5,0,1922,New,2.09,1360818.92
P10210,17,Studio,135,4,9,1886,New,11.9,1433571.3
P10211,8,Loft,185,4,7,1912,Needs Renovation,14.2,2407029.32
P10212,18,Studio,25,5,6,1901,Needs Renovation,1.44,496755.47
P10213,16,Loft,86,4,5,1966,New,12.54,1552636.16
P10214,3,Penthouse,124,2,8,2018,Good,3.2,1061854.69
P10215,13,Studio,17,5,6,1858,Renovated,13.95,147799.91
P10216,19,Penthouse,136,1,9,2012,Needs Renovation,11.49,1371797.05
P10217,18,Penthouse,76,1,2,1862,Needs Renovation,3.75,748353.07
P10218,18,Penthouse,103,1,4,1947,Renovated,7.13,1930122.9
P10219,15,Penthouse,198,3,8,2002,Renovated,12.86,2232551.47
P10220,9,Studio,184,1,8,1854,New,11.16,2198545.41
P10221,7,Penthouse,138,3,9,1995,New,1.68,2301983.71
P10222,18,Studio,74,5,0,1963,Good,7.68,1386298.18
P10223,7,Loft,76,5,2,1905,Renovated,10.1,1434740.51
P10224,19,Penthouse,54,3,0,1855,New,8.06,992191.39
P10225,7,Penthouse,94,4,8,1862,Good,12.64,1711456.19
P10226,12,Studio,103,5,5,1856,Renovated,13.28,1664653.99
P10227,1,Studio,59,2,6,2019,Renovated,2.37,801552.77
P10228,2,Apartment,121,5,1,1949,Renovated,8.56,2047573.99
P10229,5,Loft,91,5,1,1862,New,9.45,1010487.66
P10230,1,Penthouse,127,1,1,1937,Needs Renovation,12.37,1978883.82
P10231,16,Loft,84,3,9,1912,Renovated,6.19,1439116.13
P10232,6,Apartment,93,5,3,1997,Renovated,10.47,858400.86
P10233,16,Apartment,82,3,5,1994,New,8.94,819715.55
P10234,13,Loft,36,2,1,1899,New,14.86,320267.99
P10235,19,Apartment,189,5,2,1974,Good,6.06,2523433.44
P10236,5,Penthouse,43,3,2,1907,New,0.51,767900.68
P10237,8,Apartment,188,2,0,1948,Needs Renovation,7.05,3753512.87
P10238,20,Studio,53,5,3,1881,Needs Renovation,1.69,865181.9
P10239,15,Loft,98,3,0,1975,Renovated,2.69,1105353.2
P10240,19,Loft,106,5,4,1933,Renovated,6.27,2048279.45
P10241,19,Apartment,199,5,0,1907,New,13.46,3941738.62
P10242,7,Studio,29,2,0,1874,Renovated,10.87,306160.44
P10243,3,Studio,32,4,7,1909,Good,3.19,437712.6
P10244,6,Apartment,159,5,1,1980,Good,12.05,2753746.8
P10245,1,Loft,186,5,9,1980,Needs Renovation,3.19,3523218.03
P10246,20,Loft,29,1,6,1866,Renovated,9.31,232428.68
P10247,2,Studio,98,4,8,1912,Renovated,9.95,1440693.3
P10248,10,Loft,131,2,0,1921,New,7.24,2301762.91
P10249,8,Penthouse,78,2,5,1881,Good,10.03,1073222.75
P10250,14,Apartment,47,4,7,1860,Good,7.47,815835.96
P10251,5,Penthouse,102,1,8,1895,Good,2.57,1112263.1
P10252,3,Apartment,94,4,9,2017,Good,0.64,1544380.49
P10253,10,Penthouse,111,2,8,2007,Needs Renovation,0.98,1599610.62
P10254,4,Loft,130,2,1,2015,Renovated,8.73,1659200.31
P10255,13,Penthouse,188,2,1,1955,Needs Renovation,2.93,3310123.59
P10256,15,Apartment,63,3,5,1858,New,14.08,597910.29
P10257,14,Penthouse,117,1,7,1921,Renovated,10.85,1931520.97
P10258,1,Apartment,76,4,6,1933,Good,8.52,917578.58
P10259,19,Apartment,148,2,2,1976,Renovated,8.13,2576086.61
P10260,19,Apartment,120,3,6,1861,Good,2.81,2003750.25
P10261,16,Loft,59,3,6,1949,Renovated,11.29,627203.5
P10262,6,Loft,133,5,2,1893,Needs Renovation,8.55,2115297.61
P10263,3,Loft,160,3,7,1954,Renovated,7.65,1718633.1
P10264,14,Penthouse,170,2,5,1946,Renovated,12.69,2182653.18
P10265,4,Studio,63,5,7,1997,Renovated,9.62,1053739.82
P10266,14,Loft,122,4,1,1945,Renovated,9.03,1715092.91
P10267,13,Apartment,131,2,1,1928,Needs Renovation,13.56,1813043.58
P10268,3,Penthouse,20,2,9,1974,Renovated,3.55,398112.0
P10269,11,Apartment,32,5,2,1875,Needs Renovation,10.88,537515.4
P10270,17,Apartment,101,2,1,1968,Needs Renovation,6.49,1095902.51
P10271,14,Apartment,180,5,5,1909,Good,6.37,2384277.24
P10272,17,Penthouse,28,1,6,1919,Needs Renovation,9.96,446640.75
P10273,15,Apartment,103,1,2,1854,Good,5.22,1317220.79
P10274,9,Studio,182,4,6,1896,Renovated,3.9,1741828.08
P10275,15,Loft,24,3,9,1942,New,5.39,319303.02
P10276,1,Studio,108,1,3,1857,Good,9.45,1422430.23
P10277,10,Apartment,15,1,3,1877,Needs Renovation,1.03,150067.54
P10278,3,Studio,179,5,0,1969,New,12.18,2577983.62
P10279,15,Apartment,170,4,3,1963,Good,14.81,2461407.91
P10280,16,Penthouse,51,4,0,1968,Renovated,3.76,439638.46
P10281,14,Loft,73,5,2,1861,Needs Renovation,2.65,674498.65
P10282,8,Loft,195,2,1,1899,Good,14.61,3818377.75
P10283,13,Studio,53,3,5,1933,Good,2.32,734906.43
P10284,3,Penthouse,140,5,1,1973,Needs Renovation,10.26,1361151.17
P10285,11,Penthouse,99,1,5,1854,New,14.47,1660225.42
P10286,10,Penthouse,189,2,6,2020,Needs Renovation,10.41,3012582.17
P10287,5,Loft,128,2,7,1896,Needs Renovation,8.77,1973013.36
P10288,12,Penthouse,90,3,3,1882,Needs Renovation,9.21,1725424.59
P10289,15,Penthouse,45,5,8,1939,Good,5.55,720164.62
P10290,8,Loft,77,1,8,1862,Good,11.84,1416589.33
P10291,14,Apartment,91,1,1,1974,Renovated,11.6,847147.72
P10292,16,Loft,146,3,1,1990,Needs Renovation,12.07,2583346.09
P10293,5,Loft,97,5,7,1903,New,9.91,1727959.03
P10294,5,Penthouse,157,1,6,1992,New,10.58,1946413.53
P10295,15,Apartment,74,5,0,1884,Needs Renovation,3.8,990439.94
P10296,1,Studio,25,3,9,2023,Needs Renovation,7.76,250533.32
P10297,5,Apartment,99,2,1,2005,Needs Renovation,0.87,1922356.53
P10298,9,Penthouse,168,1,1,1897,Needs Renovation,8.91,2110474.37
P10299,3,Penthouse,58,4,6,1919,Needs Renovation,11.33,887101.94
P10300,11,Loft,122,3,4,2000,New,6.75,1739086.77
P10301,20,Apartment,94,5,8,1885,Good,13.94,1764978.46
P10302,10,Studio,29,4,5,1868,New,1.97,557183.74
P10303,14,Apartment,139,4,3,1876,New,13.98,1540303.31
P10304,15,Studio,170,3,9,2013,Renovated,10.91,2545101.39
P10305,1,Apartment,16,1,9,1938,Renovated,8.08,315531.25
P10306,2,Penthouse,21,4,6,1905,Renovated,12.0,213722.46
P10307,12,Loft,56,4,5,1856,Good,12.33,733282.43
P10308,8,Loft,186,5,6,1999,Good,12.38,2901193.87
P10309,6,Studio,151,2,9,1971,New,5.73,1592225.25
P10310,20,Loft,184,1,4,1917,Good,4.48,1995010.19
P10311,16,Studio,33,4,9,1938,Good,1.89,431800.35
P10312,15,Penthouse,178,2,1,1918,Needs Renovation,2.94,2388975.76
P10313,9,Apartment,122,2,4,1999,Needs Renovation,0.84,1668313.84
P10314,10,Studio,157,3,9,1927,New,9.66,2399765.16
P10315,15,Penthouse,199,1,2,1856,Renovated,10.58,3950831.82
P10316,14,Penthouse,81,2,6,2018,Needs Renovation,10.54,1064210.03
P10317,10,Studio,38,4,3,1951,Needs Renovation,8.89,677330.42
P10318,16,Apartment,181,5,7,1946,Good,9.14,1620498.87
P10319,13,Penthouse,87,1,8,1862,Renovated,8.03,932629.28
P10320,10,Apartment,144,4,4,1857,Needs Renovation,13.26,2535016.05
P10321,9,Apartment,64,3,9,1852,New,3.26,921311.58
P10322,20,Loft,144,4,0,1884,Renovated,11.09,2295658.12
P10323,8,Penthouse,44,4,9,1885,Good,14.44,383755.16
P10324,7,Penthouse,45,1,9,2007,Good,7.03,452058.09
P10325,4,Apartment,158,4,7,1852,Renovated,13.94,1922995.61
P10326,15,Apartment,37,4,5,1854,Renovated,11.19,728529.1
P10327,5,Apartment,122,1,4,1933,Renovated,9.54,2208736.74
P10328,11,Loft,46,1,5,1991,Good,2.21,703884.5
P10329,7,Studio,165,2,8,1934,Renovated,5.52,1996515.51
P10330,17,Penthouse,89,3,6,2003,Good,9.21,1135976.26
P10331,9,Loft,69,3,5,1909,Renovated,12.85,1203036.49
P10332,11,Apartment,26,1,1,2022,Needs Renovation,6.02,244306.32
P10333,3,Studio,172,3,3,1863,Good,1.67,3006622.82
P10334,13,Penthouse,163,3,1,2012,New,5.52,1643413.95
P10335,13,Apartment,34,2,8,1874,Renovated,7.45,533516.61
P10336,18,Apartment,47,4,0,1959,Needs Renovation,13.52,717993.21
P10337,12,Penthouse,139,4,8,1983,Needs Renovation,2.62,1950280.22
P10338,12,Apartment,131,2,1,1874,Good,3.87,1155166.87
P10339,16,Apartment,187,4,3,1995,Renovated,4.53,3238967.83
P10340,20,Studio,148,5,1,1909,New,5.79,1215413.55
P10341,15,Penthouse,45,3,1,1859,Needs Renovation,3.57,664798.19
P10342,4,Studio,140,3,7,1932,New,2.97,2387145.95
P10343,2,Penthouse,163,1,2,1856,Needs Renovation,10.54,2834953.46
P10344,4,Apartment,111,4,7,1866,Good,3.87,1731408.58
P10345,18,Studio,138,4,3,1973,Needs Renovation,12.8,1391734.3
P10346,15,Penthouse,192,5,2,1856,Needs Renovation,8.12,3578736.11
P10347,19,Studio,28,5,4,1979,Needs Renovation,2.44,354058.46
P10348,4,Loft,163,5,9,1969,Needs Renovation,8.26,2791126.89
P10349,9,Apartment,79,5,1,1931,Renovated,1.44,643490.49
P10350,7,Loft,174,4,0,1988,Needs Renovation,7.09,2167501.09
P10351,8,Penthouse,66,5,3,1883,New,5.21,914686.98
P10352,12,Penthouse,96,3,3,2006,New,7.16,1201023.3
P10353,13,Penthouse,35,2,8,1866,Good,10.05,654675.57
P10354,4,Loft,183,1,0,1859,New,13.99,3240308.08
P10355,7,Apartment,35,4,1,1857,New,13.48,547624.62
P10356,11,Studio,191,1,7,2022,Good,2.68,1680766.48
P10357,19,Studio,174,4,4,1857,New,1.1,2461519.37
P10358,18,Studio,101,3,2,2001,Good,2.03,1606751.07
P10359,8,Penthouse,31,5,7,1907,Good,7.2,437191.5
P10360,20,Apartment,153,4,6,1877,Renovated,5.65,2646263.88
P10361,5,Studio,19,5,7,1913,Renovated,6.65,302549.02
P10362,6,Apartment,125,4,7,1953,New,9.56,2348351.24
P10363,5,Apartment,192,3,3,1927,Renovated,1.5,1815674.31
P10364,8,Penthouse,136,2,3,1989,New,7.38,1613855.7
P10365,6,Penthouse,16,5,1,1860,New,1.13,239825.15
P10366,5,Loft,31,2,8,1908,New,8.48,331557.01
P10367,3,Loft,128,4,4,2021,Needs Renovation,3.36,1393704.01
P10368,12,Apartment,188,1,2,1971,Needs Renovation,12.33,2960949.19
P10369,17,Studio,133,1,1,1998,New,11.45,1476456.87
P10370,17,Penthouse,163,4,5,1999,Needs Renovation,14.78,1409346.65
P10371,1,Apartment,36,4,1,1851,Needs Renovation,2.41,306651.05
P10372,13,Loft,194,3,2,2000,New,12.69,3798822.04
P10373,16,Loft,36,3,0,1852,New,4.81,615535.92
P10374,3,Penthouse,33,5,8,1977,Good,6.79,301127.74
P10375,3,Studio,150,2,7,1978,Renovated,11.25,2204476.19
P10376,20,Penthouse,17,1,2,1913,Needs Renovation,12.1,192692.03
P10377,20,Penthouse,24,5,6,2004,Needs Renovation,10.47,403124.53
P10378,17,Loft,126,5,3,1935,New,12.8,1822507.85
P10379,4,Studio,72,4,8,2011,Needs Renovation,11.5,1220313.99
P10380,15,Studio,34,3,6,1919,Needs Renovation,13.21,580555.98
P10381,11,Loft,115,2,3,1869,Needs Renovation,11.82,1428267.15
P10382,14,Apartment,168,5,5,1952,Renovated,0.55,2680692.68
P10383,14,Penthouse,52,4,3,1866,Renovated,9.03,529143.23
P10384,12,Studio,18,5,7,1929,Needs Renovation,3.77,282742.31
P10385,3,Apartment,146,2,2,2008,New,0.83,2218094.43
P10386,3,Loft,161,1,2,1999,New,10.58,2517699.94
P10387,12,Studio,90,2,3,1868,New,6.88,1484295.41
P10388,19,Penthouse,108,1,1,1912,New,3.7,1426489.1
P10389,14,Penthouse,61,3,5,1894,Needs Renovation,3.02,1025006.79
P10390,2,Penthouse,18,4,5,1896,Renovated,12.68,313700.75
P10391,12,Apartment,89,1,4,1910,Good,14.7,1726934.02
P10392,5,Loft,17,5,5,1930,Good,13.98,278851.4
P10393,4,Penthouse,65,5,2,1895,Renovated,3.77,563786.16
P10394,4,Penthouse,83,5,3,1898,Good,6.81,1123885.88
P10395,14,Apartment,19,4,3,1975,Renovated,11.06,182433.43
P10396,1,Studio,177,1,3,1919,Renovated,1.33,3073172.55
P10397,10,Penthouse,188,4,8,1880,Renovated,13.88,1800324.26
P10398,1,Studio,50,5,9,2007,Good,1.03,441374.81
P10399,19,Loft,149,3,7,1987,New,4.44,1684794.86
P10400,5,Apartment,196,2,5,1893,New,2.77,3554944.75
P10401,17,Studio,198,3,9,1956,Needs Renovation,2.52,1732864.01
P10402,14,Loft,192,1,5,1976,Renovated,3.93,3314360.2
P10403,6,Penthouse,174,3,6,1998,Renovated,1.26,3403567.58
P10404,11,Apartment,134,1,4,1931,New,2.6,1867125.66
P10405,5,Studio,101,2,0,1996,New,4.98,1039723.13
P10406,3,Penthouse,99,4,8,2010,Needs Renovation,2.69,1207213.57
P10407,14,Loft,141,2,5,1882,Needs Renovation,8.09,1278317.69
P10408,14,Penthouse,75,5,9,1892,Good,1.48,1374125.72
P10409,17,Apartment,100,1,5,1947,Renovated,7.53,1452245.86
P10410,14,Apartment,99,5,8,1915,Renovated,1.91,1915489.4
P10411,19,Loft,158,3,5,1925,Renovated,1.4,2498245.69
P10412,2,Studio,182,4,2,1912,Needs Renovation,7.71,2233445.85
P10413,20,Apartment,46,5,3,1959,New,11.43,458917.91
P10414,7,Penthouse,157,5,3,1941,Good,4.2,2498741.73
P10415,5,Penthouse,139,1,9,1962,Renovated,0.89,2046384.01
P10416,11,Apartment,167,3,0,1891,New,7.72,3158077.29
P10417,16,Loft,20,4,1,2020,Good,11.75,268407.24
P10418,5,Loft,65,3,9,1857,Good,4.66,678937.84
P10419,17,Penthouse,55,4,7,1904,New,9.82,622451.52
P10420,13,Apartment,157,2,3,1861,Needs Renovation,2.91,1553586.89
P10421,1,Loft,94,3,1,1956,New,14.76,1161577.63
P10422,11,Loft,175,4,7,1950,Needs Renovation,11.12,1824232.9
P10423,14,Penthouse,190,3,5,1959,New,1.71,2234009.35
P10424,13,Apartment,46,1,6,1865,Renovated,14.83,811589.15
P10425,6,Loft,123,5,1,1853,Renovated,14.96,1969849.92
P10426,3,Loft,73,3,2,1946,New,0.93,1185690.23
P10427,8,Loft,162,2,4,1858,Needs Renovation,12.38,1703759.73
P10428,17,Apartment,192,3,8,1988,Needs Renovation,13.57,3286077.87
P10429,10,Penthouse,122,4,7,1980,Good,13.26,1435785.0
P10430,11,Studio,44,2,7,2010,New,3.98,481011.49
P10431,17,Apartment,194,2,1,1907,Good,9.4,2362007.61
P10432,12,Penthouse,37,1,2,1882,Good,2.33,669602.71
P10433,8,Apartment,30,2,7,2005,Good,10.38,357037.45
P10434,9,Studio,162,4,6,1936,Good,1.62,3223947.65
P10435,20,Studio,81,4,5,1992,New,3.58,1490127.69
P10436,6,Loft,71,5,3,1991,Needs Renovation,13.6,915877.0
P10437,19,Loft,159,1,1,1964,Renovated,13.65,2776357.53
P10438,11,Studio,165,3,7,1895,Needs Renovation,7.18,1539759.15
P10439,3,Loft,114,5,2,1996,Needs Renovation,14.66,1659814.77
P10440,10,Penthouse,92,3,8,2017,New,11.23,1202493.46
P10441,12,Apartment,168,1,2,1980,Renovated,11.43,1933111.95
P10442,15,Loft,42,4,8,1973,New,12.53,830826.54
P10443,2,Penthouse,33,4,5,1910,Renovated,1.49,308581.83
P10444,3,Apartment,44,1,7,1901,Needs Renovation,4.87,358549.33
P10445,15,Apartment,67,3,8,1917,Needs Renovation,13.22,717986.6
P10446,19,Studio,16,1,5,2018,Renovated,14.84,191438.34
P10447,20,Loft,197,5,2,1860,Good,14.93,3557391.76
P10448,2,Loft,64,5,4,1897,New,12.55,912470.29
P10449,11,Apartment,186,1,8,1986,Good,10.2,3134246.75
P10450,2,Studio,79,5,7,1925,Needs Renovation,13.7,1290339.03
P10451,15,Studio,188,1,3,1942,Renovated,2.97,2272880.22
P10452,12,Penthouse,35,3,8,2006,Needs Renovation,9.77,467003.37
P10453,14,Penthouse,69,4,5,1925,New,7.57,638298.14
P10454,11,Apartment,100,4,1,1940,Renovated,11.28,1940637.26
P10455,4,Loft,15,1,5,1876,Renovated,2.53,120525.79
P10456,9,Studio,138,2,0,1948,Renovated,3.34,2712858.14
P10457,3,Studio,49,5,0,1990,Renovated,8.29,670881.59
P10458,10,Loft,63,1,3,1973,Good,4.63,669616.02
P10459,20,Apartment,53,5,9,1956,Renovated,1.14,702910.48
P10460,18,Loft,23,5,0,1937,Renovated,8.21,262539.2
P10461,5,Apartment,73,1,2,1988,Needs Renovation,2.41,609989.36
P10462,17,Penthouse,60,5,2,1925,New,13.29,764094.77
P10463,12,Penthouse,123,4,0,1894,Good,10.92,1979721.19
P10464,7,Penthouse,22,1,6,2007,Needs Renovation,4.24,344009.96
P10465,7,Studio,191,4,1,1917,Good,6.07,3101664.08
P10466,5,Apartment,141,4,2,2005,Renovated,8.47,1752437.71
P10467,4,Apartment,127,1,2,1992,Renovated,11.37,1632061.35
P10468,20,Studio,16,5,1,1900,Needs Renovation,9.11,258304.63
P10469,5,Studio,24,2,8,1970,Good,2.74,231994.94
P10470,20,Studio,17,4,4,1851,Needs Renovation,8.18,266126.93
P10471,2,Loft,145,2,2,1914,Renovated,1.72,1180369.5
P10472,8,Loft,115,5,8,1872,Renovated,12.34,2035071.23
P10473,15,Studio,52,4,1,2013,Good,10.26,657732.97
P10474,10,Loft,133,1,9,1879,Good,6.97,1552876.34
P10475,12,Loft,112,3,8,1912,Needs Renovation,1.93,1500965.8
P10476,10,Loft,89,2,5,1949,Needs Renovation,6.2,1107215.89
P10477,6,Studio,166,2,4,1856,Good,2.57,1660385.52
P10478,9,Apartment,70,1,3,1868,Needs Renovation,0.87,850537.07
P10479,12,Apartment,160,4,0,1962,New,10.32,1292883.95
P10480,10,Apartment,83,2,7,1914,Good,2.03,1502356.47
P10481,9,Loft,127,5,7,1937,Good,7.83,2497366.49
P10482,14,Apartment,89,5,5,1956,Good,6.13,1122332.77
P10483,15,Penthouse,65,2,4,1879,New,2.39,764300.88
P10484,14,Apartment,136,5,4,1884,Needs Renovation,13.38,1692487.88
P10485,17,Penthouse,32,4,3,1994,Good,6.09,465426.35
P10486,13,Apartment,36,4,8,1898,Renovated,8.22,711407.08
P10487,8,Apartment,123,5,2,1980,Renovated,4.88,2214467.34
P10488,4,Penthouse,174,5,0,1934,Good,5.47,1798374.57
P10489,5,Apartment,35,4,3,1978,Renovated,8.92,628889.17
P10490,16,Studio,38,5,1,1988,Needs Renovation,3.51,506483.95
P10491,15,Apartment,31,3,7,2001,New,9.5,575477.09
P10492,1,Penthouse,179,5,4,1994,Good,10.81,1749869.95
P10493,5,Loft,132,3,4,1947,New,10.97,1265677.85
P10494,10,Studio,187,4,5,1988,Renovated,8.47,1581230.63
P10495,4,Apartment,19,1,8,1895,Good,1.0,307212.34
P10496,14,Loft,84,1,9,1897,New,1.86,1628705.04
P10497,4,Loft,66,2,0,2000,New,6.1,917203.2
P10498,17,Studio,193,5,1,1941,Good,12.5,3815392.32
P10499,10,Loft,18,5,8,1921,New,12.88,246920.41
P10500,20,Penthouse,95,1,7,1996,Good,5.02,1725544.49
P10501,19,Loft,81,3,6,1963,Good,7.41,677927.93
P10502,3,Penthouse,107,3,9,1891,New,9.67,1975710.07
P10503,17,Apartment,35,4,7,1884,Needs Renovation,3.56,617863.63
P10504,16,Apartment,71,3,7,1875,Needs Renovation,12.51,1418143.37
P10505,12,Penthouse,85,3,8,1886,New,11.24,1432626.91
P10506,12,Apartment,51,5,4,1977,Renovated,12.23,869097.89
P10507,8,Apartment,15,4,7,1872,Renovated,7.57,246006.17
P10508,5,Apartment,188,4,5,1924,Renovated,5.56,2422432.24
P10509,18,Penthouse,17,4,1,1894,Good,14.35,253716.3
P10510,15,Loft,137,2,6,2011,Good,12.02,1222361.25
P10511,5,Apartment,158,4,9,1862,Needs Renovation,10.17,1539292.59
P10512,2,Penthouse,173,4,2,1985,Good,4.74,3176419.99
P10513,2,Studio,134,3,6,1902,New,12.71,1107419.29
P10514,11,Penthouse,159,1,4,1996,Needs Renovation,5.69,1690374.72
P10515,18,Loft,71,1,0,1872,Renovated,13.07,672728.42
P10516,2,Studio,88,2,5,1901,Renovated,9.74,1571432.18
P10517,12,Apartment,128,2,3,1902,Renovated,12.16,2120631.24
P10518,9,Apartment,36,4,6,1857,Renovated,4.44,349722.42
P10519,14,Loft,133,2,1,1976,Needs Renovation,1.29,1277590.07
P10520,13,Penthouse,63,1,9,1942,Good,1.18,504101.83
P10521,16,Loft,110,1,1,1857,Renovated,0.56,962750.3
P10522,17,Penthouse,83,4,8,1914,New,2.38,1401940.44
P10523,14,Apartment,151,3,3,1949,Needs Renovation,13.65,2778184.94
P10524,20,Studio,65,5,5,1961,Renovated,14.08,849459.93
P10525,11,Apartment,193,5,6,2006,New,6.12,1812708.53
P10526,11,Penthouse,134,2,4,1998,Renovated,13.19,1295698.29
P10527,15,Loft,115,1,0,1874,Good,4.82,1304246.38
P10528,15,Penthouse,35,4,4,1891,Needs Renovation,2.02,608366.02
P10529,2,Penthouse,62,4,2,1896,Needs Renovation,2.11,1140170.2
P10530,9,Apartment,119,4,1,1990,New,6.53,2178590.15
P10531,13,Penthouse,144,1,5,1949,Good,10.33,2287906.82
P10532,1,Studio,187,5,7,1857,Needs Renovation,9.95,2158656.52
P10533,2,Studio,32,3,4,1877,New,10.84,377200.9
P10534,8,Penthouse,196,1,2,1862,Renovated,1.34,3661785.69
P10535,13,Apartment,132,2,4,1923,Good,0.71,1917388.27
P10536,15,Penthouse,179,2,3,1991,Renovated,6.5,1473515.75
P10537,15,Apartment,167,3,0,1861,Good,9.13,2146196.65
P10538,17,Penthouse,38,5,3,1971,Needs Renovation,8.03,515627.39
P10539,11,Penthouse,79,4,0,1953,Good,2.41,1063263.11
P10540,4,Apartment,41,5,8,2011,Good,3.14,365581.39
P10541,16,Loft,149,5,6,1856,New,5.55,1803145.03
P10542,9,Penthouse,140,4,4,1984,Needs Renovation,13.25,1122274.09
P10543,7,Penthouse,65,1,7,1894,Needs Renovation,6.27,946631.34
P10544,7,Apartment,146,3,1,2005,Good,7.36,2412157.28
P10545,3,Loft,138,4,9,1953,Good,14.17,1199790.41
P10546,15,Apartment,147,4,5,1866,Renovated,3.77,2136466.84
P10547,12,Apartment,120,1,9,1894,Renovated,4.51,1856275.64
P10548,10,Studio,195,4,0,1898,Good,14.24,2468307.75
P10549,12,Studio,116,4,8,2023,New,1.4,1678027.71
P10550,7,Studio,128,5,8,1903,Good,6.53,1787871.92
P10551,16,Apartment,180,3,9,1870,Renovated,14.45,3083950.74
P10552,18,Penthouse,148,2,2,1855,Needs Renovation,6.96,2155222.72
P10553,18,Studio,186,5,0,1924,New,12.0,1599553.19
P10554,3,Penthouse,25,4,8,1865,Needs Renovation,9.73,397734.13
P10555,16,Loft,62,3,8,1925,Needs Renovation,4.26,1225970.94
P10556,19,Apartment,103,2,6,1951,Good,9.52,1557641.32
P10557,11,Apartment,168,4,1,1866,Needs Renovation,14.42,3016053.52
P10558,15,Penthouse,94,2,7,1990,Good,12.89,1842835.42
P10559,18,Studio,110,4,0,2020,Good,10.17,1206489.22
P10560,14,Apartment,98,2,5,1893,New,0.68,1691433.25
P10561,17,Studio,88,4,9,2020,Renovated,1.17,1081022.99
P10562,6,Studio,184,4,6,1940,Renovated,4.18,1864776.98
P10563,8,Penthouse,169,1,9,1858,Renovated,2.73,2168806.2
P10564,3,Penthouse,169,2,8,1942,Good,7.48,3366321.17
P10565,18,Penthouse,81,4,2,1948,Good,14.29,736181.49
P10566,10,Apartment,105,2,1,2022,Good,4.14,1289972.66
P10567,19,Studio,195,3,0,1963,Good,13.58,2532513.12
P10568,20,Penthouse,168,5,6,1859,New,12.68,3308334.43
P10569,1,Apartment,55,1,0,1994,New,2.65,590938.31
P10570,19,Penthouse,183,5,7,1998,Good,7.99,2411311.9
P10571,19,Loft,40,3,6,1896,New,13.6,455598.11
P10572,16,Penthouse,168,5,3,1872,Renovated,7.41,2189607.16
P10573,16,Studio,157,2,7,1890,Needs Renovation,4.79,1641617.33
P10574,10,Loft,126,4,3,1971,New,14.14,1969696.21
P10575,2,Studio,179,1,7,1876,Needs Renovation,12.62,2311417.13
P10576,14,Loft,178,2,7,1853,Needs Renovation,2.7,3077063.69
P10577,7,Penthouse,199,1,7,1965,Good,6.67,2879357.79
P10578,11,Penthouse,83,5,8,1903,Renovated,5.75,1426484.56
P10579,13,Studio,71,2,6,2015,Renovated,0.65,738877.33
P10580,17,Apartment,17,3,3,1925,Renovated,3.75,146587.79
P10581,8,Loft,178,1,6,1907,New,4.89,3236236.61
P10582,9,Loft,115,1,2,1975,Good,5.39,1268882.78
P10583,5,Apartment,61,4,7,1871,New,6.2,1208916.35
P10584,10,Loft,163,1,6,1880,Needs Renovation,11.43,2048629.02
P10585,8,Studio,46,3,8,1988,Renovated,9.61,516498.85
P10586,19,Penthouse,31,4,8,1972,Good,11.51,601105.61
P10587,6,Loft,116,1,8,1900,Needs Renovation,5.85,1643285.41
P10588,16,Penthouse,141,2,6,1972,Needs Renovation,12.15,2307678.27
P10589,1,Apartment,165,2,8,1930,Needs Renovation,0.95,2763382.5
P10590,17,Loft,183,5,5,1855,Good,10.14,1776206.3
P10591,7,Penthouse,17,1,6,1914,New,5.02,279038.65
P10592,2,Penthouse,29,4,3,1995,Needs Renovation,0.73,505599.57
P10593,20,Loft,57,4,9,1882,Renovated,14.57,541077.86
P10594,18,Apartment,146,3,5,1970,New,8.25,2045905.97
P10595,14,Studio,182,3,4,1876,Renovated,7.49,2394237.54
P10596,12,Loft,27,3,9,1938,Renovated,2.78,524599.35
P10597,2,Loft,186,2,2,1906,New,12.05,3432996.12
P10598,19,Studio,21,3,6,1932,Renovated,9.61,382371.43
P10599,18,Penthouse,86,4,4,1924,New,3.28,880895.7
P10600,13,Loft,154,1,4,1906,Renovated,13.23,2959869.71
P10601,20,Apartment,83,3,1,1961,Good,5.34,1018431.34
P10602,4,Loft,137,2,6,1882,Renovated,9.81,1433679.92
P10603,11,Penthouse,196,3,7,1997,Good,4.53,3414952.24
P10604,7,Loft,96,2,7,1911,New,8.02,1821770.24
P10605,2,Apartment,31,2,4,2005,Good,6.35,609091.67
P10606,11,Loft,96,2,0,1920,Needs Renovation,4.33,1438675.08
P10607,5,Studio,24,2,1,1973,Renovated,8.47,331115.43
P10608,20,Penthouse,180,2,6,2006,Good,13.92,2743856.35
P10609,13,Penthouse,34,3,3,1957,Renovated,7.14,447592.9
P10610,17,Loft,125,2,1,1999,Renovated,14.49,1401103.04
P10611,16,Apartment,41,2,5,1949,Renovated,4.12,549737.75
P10612,11,Apartment,16,5,2,2003,Needs Renovation,7.01,161423.68
P10613,19,Penthouse,67,3,4,1972,New,11.7,1128174.32
P10614,20,Loft,114,2,0,1962,Renovated,6.09,1423022.97
P10615,19,Studio,21,1,2,1978,New,3.7,304581.5
P10616,19,Loft,87,5,5,2015,Good,1.98,1340407.98
P10617,17,Loft,128,3,2,1934,Good,13.76,1689983.17
P10618,8,Apartment,170,4,8,2004,New,0.63,2246182.77
P10619,7,Apartment,106,1,8,2019,Needs Renovation,10.66,1543626.23
P10620,11,Loft,182,1,3,1896,Good,0.93,3243319.13
P10621,14,Studio,124,5,1,1889,Needs Renovation,5.65,1106792.01
P10622,17,Loft,192,3,0,1924,New,9.12,2032153.45
P10623,5,Studio,108,2,2,2013,Renovated,14.02,2010913.74
P10624,16,Loft,91,3,0,1969,Renovated,14.82,1401527.7
P10625,6,Loft,22,3,0,1922,Renovated,3.49,379476.03
P10626,18,Penthouse,121,1,0,1886,Renovated,10.16,1452397.06
P10627,20,Loft,70,3,9,1956,Good,9.75,941650.16
P10628,8,Penthouse,182,4,4,1928,Renovated,1.43,2624495.7
P10629,8,Penthouse,112,3,3,1984,Renovated,1.31,1700848.22
P10630,7,Loft,68,4,0,1904,Renovated,10.84,715383.95
P10631,16,Penthouse,180,2,5,1887,Renovated,2.12,2322958.88
P10632,10,Apartment,171,5,4,1958,Needs Renovation,12.48,2981943.93
P10633,13,Penthouse,97,3,0,1989,Good,4.12,1714003.04
P10634,10,Apartment,70,2,4,1910,Renovated,5.63,1009865.2
P10635,3,Penthouse,66,1,6,1945,Needs Renovation,11.9,1183868.53
P10636,9,Loft,124,2,9,1888,Good,3.86,1547798.02
P10637,7,Penthouse,127,5,5,1958,Renovated,7.8,2393023.07
P10638,5,Apartment,164,1,9,1936,Good,12.65,3002151.41
P10639,8,Apartment,172,1,8,1878,Good,7.16,1403350.13
P10640,8,Apartment,101,5,3,1961,New,2.2,1682978.22
P10641,14,Penthouse,159,5,5,1957,Needs Renovation,7.97,2643355.19
P10642,4,Studio,164,1,9,1971,New,5.64,1991412.55
P10643,18,Studio,129,4,9,1877,Needs Renovation,5.01,1215306.48
P10644,16,Loft,181,3,7,1921,Good,14.8,2177083.57
P10645,10,Penthouse,151,1,2,1923,Renovated,6.47,1985247.13
P10646,2,Apartment,171,2,5,1978,Good,9.66,2040137.04
P10647,18,Apartment,190,5,4,1913,Good,14.03,3108310.18
P10648,14,Studio,53,2,4,1875,New,13.49,749813.11
P10649,13,Loft,21,2,4,1911,Good,11.99,295966.88
P10650,10,Apartment,39,3,4,2009,New,10.86,533951.35
P10651,10,Apartment,158,1,8,1969,Renovated,11.41,2650576.12
P10652,10,Loft,107,1,8,1957,Needs Renovation,5.34,1978435.16
P10653,5,Loft,171,3,8,2022,Renovated,7.52,3051868.65
P10654,7,Apartment,153,5,8,1995,Renovated,13.58,1976281.24
P10655,6,Loft,62,2,5,1855,Renovated,6.15,545828.37
P10656,6,Apartment,199,4,3,1906,Renovated,14.73,3616851.79
P10657,10,Studio,96,2,5,1928,Good,3.86,1359400.18
P10658,20,Loft,137,2,2,1852,Needs Renovation,5.58,1623990.58
P10659,17,Penthouse,78,3,3,1909,New,10.98,1285409.67
P10660,13,Apartment,136,3,1,1911,Good,12.71,2604598.67
P10661,5,Loft,151,4,1,1910,Renovated,2.0,2353163.49
P10662,8,Apartment,62,1,8,1907,Renovated,11.84,928275.23
P10663,13,Studio,187,2,2,1893,Needs Renovation,11.26,3198078.22
P10664,9,Penthouse,85,4,5,2006,Renovated,2.8,878874.7
P10665,19,Apartment,158,3,9,1885,Renovated,12.86,2085277.26
P10666,12,Studio,76,2,5,1865,New,3.43,887896.92
P10667,4,Loft,73,1,1,1943,Renovated,13.1,795554.55
P10668,6,Loft,152,4,0,1851,Renovated,2.44,2576254.16
P10669,4,Penthouse,129,2,0,1977,Renovated,8.47,1729801.69
P10670,20,Studio,180,3,0,2022,Good,12.48,2814568.45
P10671,5,Loft,163,2,3,1984,Good,4.34,1848662.96
P10672,15,Penthouse,195,4,6,1919,Needs Renovation,11.91,2639963.65
P10673,18,Loft,115,4,7,1850,Good,7.23,1428319.16
P10674,8,Apartment,36,5,2,1928,Needs Renovation,8.58,667808.25
P10675,17,Penthouse,134,2,8,1905,New,3.42,2332306.0
P10676,19,Apartment,171,5,1,1857,New,4.11,3061752.94
P10677,18,Studio,196,5,3,1989,Good,5.24,1726185.91
P10678,6,Penthouse,45,3,9,1958,Needs Renovation,7.25,795599.13
P10679,4,Studio,109,5,2,1998,Needs Renovation,11.86,1288080.62
P10680,3,Loft,172,4,2,1935,New,0.71,2726561.9
P10681,15,Studio,166,2,3,2009,Needs Renovation,2.42,2734667.74
P10682,15,Apartment,113,3,4,1974,Needs Renovation,9.01,1750976.65
P10683,10,Apartment,39,4,2,2020,Needs Renovation,10.3,775637.85
P10684,9,Apartment,75,3,2,1936,Good,13.96,1120956.15
P10685,19,Apartment,124,2,4,1908,New,7.3,1500755.05
P10686,14,Penthouse,163,4,5,1962,New,7.19,2270552.84
P10687,18,Apartment,180,1,1,2004,New,10.32,2528648.13
P10688,16,Apartment,134,3,4,1936,Renovated,10.52,1341110.11
P10689,14,Studio,103,1,5,1932,Good,11.34,910273.61
P10690,14,Penthouse,85,4,7,1999,Needs Renovation,7.1,1102104.01
P10691,15,Loft,189,1,1,1997,Needs Renovation,10.44,3411148.54
P10692,3,Studio,175,3,7,1967,Renovated,10.44,2869243.1
P10693,4,Studio,180,3,9,1943,Needs Renovation,13.28,2820309.46
P10694,17,Studio,80,5,1,1885,Good,1.64,1440440.27
P10695,1,Apartment,89,4,5,1997,Renovated,0.96,1091059.54
P10696,15,Loft,54,2,3,1965,Needs Renovation,4.07,486798.37
P10697,8,Studio,188,3,7,2004,Needs Renovation,11.19,1980539.01
P10698,12,Studio,102,1,3,1886,Renovated,13.51,2036619.19
P10699,7,Apartment,133,1,4,1959,New,5.36,1806155.19
P10700,14,Apartment,67,4,9,1943,Good,4.94,1192847.02
P10701,7,Apartment,25,2,9,1883,New,7.39,221310.47
P10702,20,Apartment,64,2,4,1933,Needs Renovation,14.61,569462.69
P10703,20,Apartment,140,1,7,1905,Good,2.76,2745839.26
P10704,2,Loft,153,5,9,1888,Needs Renovation,5.8,1650881.0
P10705,8,Studio,178,5,3,1950,New,2.97,2070095.21
P10706,5,Penthouse,18,2,7,1976,Good,4.43,218011.35
P10707,19,Penthouse,36,2,4,1859,Renovated,7.83,646263.75
P10708,8,Penthouse,166,3,6,1994,Good,6.91,1334256.68
P10709,17,Studio,71,2,1,1858,Needs Renovation,3.27,808195.02
P10710,10,Penthouse,103,2,7,1994,New,13.0,1648674.45
P10711,18,Studio,29,5,8,1889,Needs Renovation,5.89,576328.99
P10712,18,Loft,96,5,5,1920,New,2.2,1622370.95
P10713,12,Loft,62,2,6,1938,Renovated,7.95,587685.04
P10714,14,Loft,155,5,4,1983,Good,8.73,3009687.38
P10715,10,Loft,104,4,7,1874,Good,11.25,2042853.71
P10716,18,Loft,180,4,2,2005,Good,7.62,1797052.94
P10717,8,Penthouse,164,5,6,1921,Good,5.88,2446776.37
P10718,15,Apartment,20,3,0,1908,Needs Renovation,12.75,385334.79
P10719,14,Studio,83,4,8,1880,Needs Renovation,3.66,1334073.56
P10720,8,Penthouse,98,4,9,1963,Good,1.28,784768.39
P10721,11,Apartment,95,4,0,2001,Needs Renovation,7.55,1282488.9
P10722,12,Apartment,123,3,6,2005,Good,11.53,1335504.46
P10723,2,Penthouse,30,2,0,1879,Needs Renovation,14.99,513752.75
P10724,20,Apartment,110,2,1,1862,New,10.28,1405182.73
P10725,7,Studio,108,5,0,2017,Needs Renovation,3.79,922906.44
P10726,7,Penthouse,157,1,4,1977,Renovated,1.01,2138334.07
P10727,1,Studio,175,1,5,1960,Good,2.83,2320175.09
P10728,4,Loft,89,2,0,1985,Good,4.58,942154.81
P10729,20,Studio,26,1,9,1964,Needs Renovation,11.39,398560.47
P10730,8,Penthouse,185,1,9,1934,Renovated,12.61,1947934.82
P10731,13,Loft,70,2,2,1903,Renovated,1.77,827161.64
P10732,10,Penthouse,191,3,7,1898,Renovated,5.32,2487390.6
P10733,17,Loft,77,3,0,1855,Needs Renovation,10.34,1204675.5
P10734,4,Loft,42,2,4,1964,Renovated,7.84,648286.43
P10735,7,Penthouse,191,3,3,1907,Renovated,10.88,2306753.4
P10736,14,Apartment,119,4,2,1948,Good,2.56,1841200.66
P10737,5,Apartment,198,3,9,1897,Renovated,12.6,3602493.3
P10738,18,Loft,128,4,8,1960,Renovated,2.86,1328882.29
P10739,5,Studio,90,5,1,1916,Renovated,4.08,1202451.69
P10740,8,Loft,132,2,3,1953,Good,8.88,2489149.89
P10741,16,Penthouse,81,5,0,1864,Renovated,7.2,759582.61
P10742,16,Loft,119,5,1,1944,Needs Renovation,5.67,1308226.32
P10743,6,Penthouse,154,4,6,1961,Good,4.44,1812046.69
P10744,5,Loft,103,2,9,1998,Good,6.73,1052205.72
P10745,18,Apartment,191,4,0,1965,New,4.68,1802790.39
P10746,3,Apartment,157,2,3,1895,New,9.67,1821090.86
P10747,14,Studio,135,2,0,1956,Good,5.49,1965647.0
P10748,3,Studio,61,4,4,1953,New,10.03,913597.32
P10749,7,Loft,54,2,3,1910,Renovated,11.81,795255.72
P10750,2,Loft,136,5,4,1905,Needs Renovation,1.84,1211478.92
P10751,1,Apartment,116,5,1,1953,Needs Renovation,0.97,1242975.15
P10752,1,Apartment,44,3,6,1939,Renovated,11.95,633050.11
P10753,18,Penthouse,139,4,8,1952,New,14.56,2752590.1
P10754,17,Loft,198,2,3,1938,Good,10.53,1703630.48
P10755,4,Apartment,197,5,0,2019,Good,12.44,3027425.8
P10756,8,Studio,36,3,7,1866,Renovated,5.26,439553.86
P10757,12,Penthouse,104,5,0,1927,Needs Renovation,13.74,937691.05
P10758,3,Penthouse,177,5,0,2008,Needs Renovation,4.9,2640427.46
P10759,15,Studio,177,4,5,1907,Good,10.42,1667999.36
P10760,10,Apartment,176,2,9,1869,New,4.12,3387174.09
P10761,3,Loft,73,2,0,1863,Needs Renovation,12.75,1434728.19
P10762,13,Loft,149,4,2,1912,New,14.11,1400048.97
P10763,1,Studio,177,1,3,1949,New,10.38,2792853.05
P10764,16,Loft,136,4,0,1920,Renovated,4.2,2417543.08
P10765,19,Apartment,79,3,5,1907,New,8.3,968443.0
P10766,8,Studio,179,4,3,2022,Needs Renovation,3.69,2626992.56
P10767,9,Apartment,110,5,2,1985,New,7.79,1817351.49
P10768,9,Apartment,185,1,1,1857,Good,1.23,2174971.32
P10769,11,Apartment,122,3,8,1879,Good,11.41,1531758.94
P10770,19,Studio,160,2,6,1909,Needs Renovation,6.94,2580681.1
P10771,3,Penthouse,140,5,5,1971,Good,3.94,2225532.37
P10772,19,Studio,122,4,5,1881,Needs Renovation,6.79,2100539.65
P10773,18,Penthouse,29,2,4,1855,Needs Renovation,5.22,410905.21
P10774,5,Apartment,137,3,0,1945,Renovated,14.5,2458034.49
P10775,2,Apartment,95,1,5,1884,Needs Renovation,14.23,1000410.3
P10776,8,Apartment,164,3,9,1852,Renovated,14.97,2206265.41
P10777,20,Loft,90,1,8,1922,Renovated,3.13,1185462.61
P10778,1,Penthouse,97,5,3,1879,Needs Renovation,11.76,1035194.96
P10779,16,Studio,126,1,9,1907,Renovated,5.44,2213383.14
P10780,18,Loft,141,1,2,1965,Needs Renovation,5.37,1216646.07
P10781,6,Loft,24,3,4,1998,New,14.25,259678.35
P10782,20,Penthouse,149,1,1,1925,Good,1.02,1605877.68
P10783,3,Apartment,68,3,0,1867,Renovated,12.94,576143.74
P10784,5,Loft,104,1,9,1925,Good,5.78,1814640.2
P10785,13,Penthouse,146,2,7,1856,Renovated,2.41,1276423.75
P10786,4,Apartment,133,4,0,1912,New,3.75,1744089.5
P10787,10,Loft,134,4,4,1939,Renovated,1.88,2386226.94
P10788,9,Apartment,42,5,4,2007,Good,4.56,651734.34
P10789,3,Studio,28,2,3,1973,Needs Renovation,11.51,446699.55
P10790,15,Loft,43,3,3,1868,New,3.64,593945.85
P10791,1,Apartment,35,5,3,1878,Renovated,2.66,599267.59
P10792,18,Apartment,84,4,1,1949,Renovated,8.98,1082977.5
P10793,13,Apartment,33,2,5,1949,Renovated,13.35,340600.4
P10794,14,Loft,194,4,2,1996,New,9.9,1836275.61
P10795,18,Studio,130,1,3,1899,Good,6.26,1260127.85
P10796,13,Studio,162,3,9,1917,Good,4.42,1996762.44
P10797,9,Penthouse,48,5,9,1944,Renovated,14.83,955727.11
P10798,16,Studio,161,2,2,1934,New,13.06,2821656.58
P10799,6,Loft,97,5,3,1987,Renovated,6.7,1669958.33
P10800,14,Penthouse,74,1,6,2008,Needs Renovation,10.49,1036631.3
P10801,3,Penthouse,143,3,3,1920,Renovated,0.73,2098423.23
P10802,8,Loft,64,4,0,1941,Good,3.33,542826.64
P10803,15,Apartment,61,4,6,1979,Good,9.24,1059632.97
P10804,10,Apartment,18,4,7,1899,Needs Renovation,10.27,157177.54
P10805,11,Loft,26,3,0,1898,Renovated,10.4,419062.93
P10806,15,Penthouse,74,4,8,1945,Needs Renovation,3.78,837019.35
P10807,20,Studio,56,1,8,1967,Renovated,3.67,868221.87
P10808,11,Studio,179,5,3,1956,Needs Renovation,2.14,2733681.49
P10809,11,Studio,94,2,8,1915,Needs Renovation,6.46,958934.31
P10810,11,Penthouse,87,4,9,1945,Needs Renovation,12.2,725069.04
P10811,19,Studio,190,4,1,1914,Renovated,10.26,2620586.72
P10812,13,Penthouse,178,3,8,1927,Needs Renovation,6.27,2776967.48
P10813,12,Apartment,29,4,3,1974,Good,0.86,438021.86
P10814,19,Studio,163,2,4,1995,New,2.35,2373338.02
P10815,15,Studio,176,2,7,1885,Needs Renovation,14.88,2266719.21
P10816,10,Apartment,36,5,8,1945,Needs Renovation,10.31,676914.1
P10817,16,Studio,178,4,2,2000,Renovated,0.52,3444495.04
P10818,8,Penthouse,137,3,4,1953,Good,2.35,2615527.94
P10819,14,Loft,154,1,6,1895,New,2.45,2461023.47
P10820,15,Loft,58,1,1,1854,Needs Renovation,2.0,1042736.76
P10821,18,Loft,130,3,0,1880,New,5.18,1506101.28
P10822,12,Apartment,97,5,2,1982,New,7.96,1890683.24
P10823,8,Penthouse,84,1,1,2022,Good,14.84,1059114.98
P10824,20,Apartment,103,1,6,1945,Needs Renovation,3.07,1213239.2
P10825,11,Loft,68,3,9,1865,New,14.94,978007.36
P10826,1,Apartment,60,3,9,1960,Renovated,5.12,1064981.15
P10827,8,Studio,171,4,2,2010,Needs Renovation,9.67,2767857.35
P10828,12,Loft,177,5,3,1958,Needs Renovation,4.22,2644718.09
P10829,19,Studio,181,4,2,1951,Renovated,1.84,2373136.7
P10830,1,Loft,185,5,8,1935,New,4.96,2975617.85
P10831,10,Loft,125,5,2,1891,New,8.09,2194762.78
P10832,4,Studio,129,2,8,1869,Renovated,9.95,1493421.11
P10833,10,Penthouse,53,3,6,1860,Needs Renovation,9.75,796433.77
P10834,7,Loft,169,3,2,1983,Renovated,4.16,1436322.13
P10835,16,Apartment,127,2,2,1921,Needs Renovation,8.96,1250573.33
P10836,15,Penthouse,132,3,3,2002,New,10.66,2493852.93
P10837,10,Apartment,116,4,4,2014,New,0.8,1427201.24
P10838,1,Penthouse,102,1,5,1903,New,5.3,2009620.29
P10839,6,Studio,132,4,0,1856,Good,7.09,1683164.57
P10840,18,Studio,25,4,6,2022,Renovated,2.25,480418.97
P10841,18,Loft,42,3,9,2002,Needs Renovation,1.4,824538.19
P10842,8,Loft,111,4,2,1879,Good,7.74,1109181.96
P10843,6,Loft,172,4,7,1951,Needs Renovation,6.12,2203053.4
P10844,1,Studio,61,5,3,2015,Needs Renovation,7.1,811568.46
P10845,19,Loft,21,1,8,1923,Needs Renovation,7.42,408550.61
P10846,1,Studio,149,5,3,2010,Good,2.34,1390841.24
P10847,9,Apartment,195,4,0,1981,New,3.53,1940626.31
P10848,18,Studio,18,1,1,1884,Renovated,2.19,153064.24
P10849,11,Studio,166,3,3,1972,Needs Renovation,10.34,1916572.11
P10850,4,Penthouse,46,1,2,1896,Needs Renovation,13.11,586764.57
P10851,17,Penthouse,45,4,6,1897,Needs Renovation,5.13,691776.0
P10852,20,Loft,190,1,5,1915,New,9.64,3408840.17
P10853,12,Penthouse,50,2,6,1850,Needs Renovation,5.18,584183.37
P10854,20,Studio,104,2,5,1893,Renovated,1.08,1053087.6
P10855,20,Apartment,100,3,4,1879,Good,10.25,1419539.96
P10856,11,Apartment,47,2,5,1943,Good,0.82,832656.72
P10857,10,Apartment,151,5,0,1966,Good,6.88,1231387.9
P10858,12,Studio,194,5,1,1852,Needs Renovation,3.24,1823116.39
P10859,14,Studio,180,5,9,1860,Needs Renovation,12.48,3395963.89
P10860,14,Studio,127,2,5,2021,Needs Renovation,14.06,2234869.85
P10861,18,Studio,184,1,4,1904,Good,4.09,2455413.45
P10862,16,Penthouse,109,4,2,1968,Good,7.44,1414983.42
P10863,6,Penthouse,187,5,9,1902,Needs Renovation,8.09,2852182.31
P10864,20,Apartment,88,3,6,2006,Renovated,0.68,1407847.21
P10865,1,Loft,145,3,2,1855,Good,6.08,2451590.76
P10866,7,Loft,52,5,2,1985,Needs Renovation,4.42,1010307.15
P10867,14,Loft,136,4,2,1934,Needs Renovation,0.87,1862277.75
P10868,15,Loft,150,5,8,1909,Good,4.24,2990247.58
P10869,3,Apartment,85,2,7,1962,Good,9.86,868982.39
P10870,10,Apartment,15,2,7,1962,Renovated,1.62,290274.76
P10871,8,Penthouse,26,1,9,1961,Good,10.37,247606.66
P10872,15,Loft,178,1,5,2020,New,1.18,1550250.03
P10873,19,Apartment,155,3,1,1908,Renovated,0.56,2271801.15
P10874,18,Penthouse,199,4,8,1917,New,3.07,3124665.01
P10875,15,Studio,81,2,7,1943,Needs Renovation,7.61,1230577.65
P10876,4,Studio,39,4,1,1915,Renovated,9.02,395786.81
P10877,2,Loft,59,2,1,1960,Renovated,5.57,707046.42
P10878,12,Apartment,161,3,9,1863,Needs Renovation,12.54,1915750.84
P10879,4,Studio,186,1,6,2000,Good,0.74,2895761.34
P10880,19,Penthouse,33,2,0,1996,Needs Renovation,8.07,584945.41
P10881,6,Studio,194,5,4,2003,Good,13.41,1973893.11
P10882,7,Apartment,141,3,5,1926,Renovated,9.47,1905718.66
P10883,18,Penthouse,68,4,7,1934,Good,6.79,1095172.13
P10884,11,Penthouse,99,1,5,2000,Renovated,4.89,1277993.16
P10885,19,Penthouse,101,3,1,1936,New,4.04,1657279.33
P10886,5,Loft,163,1,1,1937,New,11.26,1692880.3
P10887,9,Studio,182,3,1,1933,Good,10.64,2230952.77
P10888,8,Studio,105,1,8,1880,Renovated,3.34,1778368.28
P10889,8,Loft,54,5,6,1997,Needs Renovation,4.29,748339.13
P10890,5,Penthouse,131,4,8,1874,Needs Renovation,5.13,1990098.48
P10891,13,Loft,55,3,5,1983,New,0.85,628513.15
P10892,3,Loft,156,2,6,1966,Renovated,7.34,3010439.77
P10893,12,Loft,166,3,0,1965,Needs Renovation,6.41,2574358.37
P10894,11,Apartment,49,1,0,1975,New,8.87,507421.05
P10895,15,Penthouse,103,2,6,1874,New,11.37,1598932.99
P10896,18,Loft,87,1,0,2011,Good,3.13,1037827.48
P10897,14,Studio,118,2,5,1870,Needs Renovation,6.68,1377884.28
P10898,9,Penthouse,110,1,6,1880,Renovated,2.99,987678.9
P10899,11,Studio,44,1,7,1974,Needs Renovation,12.27,464989.19
P10900,11,Apartment,29,4,8,1958,New,12.08,457983.83
P10901,4,Loft,146,1,2,1970,New,13.35,1203281.51
P10902,4,Studio,19,4,1,1942,Needs Renovation,14.01,336159.66
P10903,15,Apartment,184,5,8,1857,Needs Renovation,9.76,3062107.67
P10904,7,Studio,124,1,2,1891,Renovated,12.96,1196793.04
P10905,6,Penthouse,134,5,9,1922,New,11.52,2157228.27
P10906,12,Penthouse,144,4,7,1913,New,9.86,1514344.8
P10907,12,Studio,165,5,2,1938,New,2.7,1920703.38
P10908,13,Penthouse,34,4,1,2002,Good,11.07,294222.15
P10909,14,Apartment,117,4,5,1948,New,6.7,1226372.32
P10910,1,Studio,132,4,2,1908,Needs Renovation,0.6,2236420.15
P10911,3,Studio,140,1,8,1884,Good,12.77,1741990.07
P10912,17,Loft,191,3,6,1879,New,5.42,3719820.99
P10913,1,Penthouse,158,3,3,1932,New,13.19,1735231.5
P10914,14,Studio,187,5,9,1883,Needs Renovation,4.47,3451231.41
P10915,3,Studio,20,2,8,1930,Needs Renovation,10.21,386805.78
P10916,3,Apartment,89,2,1,1877,New,12.13,972133.96
P10917,11,Penthouse,180,5,9,1870,Renovated,10.4,1736568.07
P10918,5,Loft,117,3,3,1961,Good,5.04,2075972.51
P10919,5,Apartment,73,1,7,1905,New,9.88,1448229.29
P10920,20,Studio,49,3,7,1856,Needs Renovation,10.9,767350.14
P10921,12,Studio,186,1,9,1966,Good,9.72,3319472.37
P10922,14,Loft,77,4,0,1982,Good,14.73,1149913.05
P10923,3,Apartment,17,4,2,1965,Good,7.3,326508.65
P10924,4,Loft,126,5,0,1973,Renovated,11.02,2402354.2
P10925,14,Penthouse,165,2,1,1928,Good,1.53,2127400.51
P10926,8,Penthouse,41,2,7,1928,New,4.11,638636.98
P10927,8,Penthouse,61,5,7,1945,New,8.95,706335.44
P10928,10,Studio,130,1,1,1928,Good,5.68,1385566.94
P10929,13,Penthouse,135,5,5,2008,New,2.27,1923281.02
P10930,8,Loft,167,3,0,1950,Needs Renovation,10.12,1836945.67
P10931,4,Studio,70,5,4,1871,Needs Renovation,3.34,953103.59
P10932,20,Apartment,30,2,0,2020,New,7.14,473548.96
P10933,12,Penthouse,144,4,1,1943,Good,9.14,2038247.55
P10934,13,Loft,83,5,2,1954,Renovated,8.78,1581008.64
P10935,18,Studio,184,1,3,1935,Needs Renovation,12.74,1704734.87
P10936,3,Apartment,36,2,5,1959,New,13.2,360495.91
P10937,1,Penthouse,85,1,0,1981,Good,7.93,916478.12
P10938,2,Apartment,96,3,0,1877,Needs Renovation,3.9,1199798.31
P10939,17,Penthouse,197,4,1,1936,Needs Renovation,11.38,3745775.85
P10940,14,Loft,70,1,1,1962,New,6.94,889121.15
P10941,18,Studio,53,5,1,2000,Renovated,10.24,747656.63
P10942,3,Penthouse,44,2,3,1916,New,12.22,634462.4
P10943,17,Studio,160,2,5,1917,Good,14.89,2359864.4
P10944,18,Penthouse,66,2,4,1927,Needs Renovation,12.95,605114.58
P10945,19,Apartment,189,4,7,1977,Renovated,13.61,3675767.86
P10946,14,Studio,169,1,0,1873,New,8.29,3281432.84
P10947,8,Apartment,97,1,2,1911,Needs Renovation,5.96,1115144.29
P10948,4,Loft,36,3,2,2018,New,8.29,679089.17
P10949,10,Studio,45,2,0,1887,New,5.15,520731.15
P10950,1,Studio,124,3,2,1906,New,1.52,1936741.11
P10951,6,Loft,49,2,3,1934,Renovated,8.4,503795.71
P10952,17,Penthouse,179,1,4,1865,Good,2.95,3484302.72
P10953,12,Studio,75,2,0,1949,Renovated,14.05,1060602.41
P10954,4,Apartment,185,1,6,1984,Renovated,3.39,3299567.21
P10955,14,Penthouse,85,4,3,1927,New,6.96,974747.9
P10956,9,Apartment,110,3,1,1974,Needs Renovation,6.98,1805234.68
P10957,15,Penthouse,154,1,5,1907,New,1.77,2424947.49
P10958,16,Studio,160,5,6,2003,Renovated,3.54,1637046.09
P10959,6,Penthouse,93,4,0,1885,New,3.1,1826091.39
P10960,19,Apartment,199,5,6,1971,Good,2.08,1929183.36
P10961,17,Apartment,101,5,2,1936,New,9.68,1223220.39
P10962,1,Studio,111,1,6,1852,New,12.48,1595437.85
P10963,16,Penthouse,45,2,8,1850,Needs Renovation,8.65,858999.41
P10964,5,Studio,194,2,1,2007,New,12.31,1897723.79
P10965,18,Loft,140,4,9,1964,Good,3.94,1342211.44
P10966,11,Studio,184,3,7,1890,Needs Renovation,8.13,2891291.52
P10967,11,Penthouse,76,3,1,1979,New,5.98,1257951.04
P10968,19,Penthouse,128,5,6,1871,New,1.55,1550739.96
P10969,17,Apartment,88,1,4,2015,Good,3.43,1347962.28
P10970,8,Apartment,102,1,4,1906,Needs Renovation,0.59,925865.63
P10971,3,Loft,135,4,8,1917,Renovated,13.93,1279660.88
P10972,10,Penthouse,131,2,7,1934,New,8.43,2566288.41
P10973,18,Loft,197,5,0,1867,New,11.07,2885640.06
P10974,12,Studio,115,5,8,1863,Renovated,11.52,1372416.71
P10975,19,Penthouse,146,2,7,1969,Good,8.89,2047518.36
P10976,15,Penthouse,122,1,4,1868,Needs Renovation,1.76,1435760.13
P10977,7,Studio,40,1,0,1931,Good,12.53,651879.71
P10978,1,Loft,145,2,2,1866,New,4.84,2755963.83
P10979,8,Penthouse,90,1,2,1956,New,12.05,1057167.23
P10980,11,Apartment,168,3,3,1966,Needs Renovation,9.22,3331308.79
P10981,10,Apartment,60,4,5,1911,Good,6.97,1059670.06
P10982,17,Studio,39,2,9,2006,Needs Renovation,7.23,341253.25
P10983,16,Apartment,148,4,8,1927,Good,8.41,1515081.57
P10984,9,Apartment,104,1,3,1912,New,2.04,1766263.67
P10985,8,Loft,82,5,1,1991,Renovated,12.18,1045445.24
P10986,15,Apartment,63,4,0,1862,New,9.47,1231349.19
P10987,17,Studio,140,2,4,2005,Needs Renovation,6.72,2240108.97
P10988,3,Apartment,182,2,6,1928,Needs Renovation,5.34,1504235.49
P10989,5,Studio,95,4,3,1895,Renovated,9.2,1601511.83
P10990,9,Penthouse,26,2,2,2011,Needs Renovation,14.08,474931.95
P10991,11,Penthouse,148,5,5,1867,Needs Renovation,5.25,2777777.64
P10992,9,Studio,137,5,6,1897,New,8.97,1743136.8
P10993,7,Studio,98,3,4,1897,New,5.66,1785253.16
P10994,5,Apartment,83,3,2,1971,Good,11.23,937023.88
P10995,15,Loft,195,5,2,1942,Renovated,4.65,1838709.29
P10996,14,Apartment,168,5,8,1860,Renovated,10.71,2852000.41
P10997,7,Loft,120,5,6,1863,Renovated,10.59,1586970.71
P10998,15,Penthouse,52,4,1,2018,New,12.41,473854.04
P10999,3,Studio,159,1,2,1850,Renovated,8.68,2782928.65
P11000,20,Apartment,18,2,9,1934,Good,9.45,179911.15
P11001,11,Studio,146,2,1,1861,New,11.55,2442809.75
P11002,8,Penthouse,112,5,8,1976,Needs Renovation,4.11,1792025.52
P11003,17,Apartment,16,2,4,1859,Renovated,12.29,192212.97
P11004,9,Studio,126,4,5,1935,New,8.59,1136469.03
P11005,13,Loft,64,4,6,1986,Good,5.25,1220591.47
P11006,4,Loft,180,5,9,1968,New,1.09,2465501.05
P11007,5,Apartment,148,1,5,2001,New,5.21,2291370.09
P11008,2,Studio,134,5,4,1906,Good,3.93,1904960.77
P11009,7,Loft,47,3,8,1945,Renovated,12.76,817612.13
P11010,3,Penthouse,56,3,8,2019,New,1.4,619597.45
P11011,1,Apartment,40,1,1,1906,Good,1.26,377221.01
P11012,15,Studio,140,5,6,1882,New,12.74,2328047.04
P11013,11,Apartment,32,1,3,1884,New,12.98,407012.41
P11014,15,Apartment,160,5,4,1987,Good,6.36,2978831.26
P11015,19,Loft,191,3,9,2013,Needs Renovation,7.99,3518732.71
P11016,16,Apartment,27,1,2,1943,Needs Renovation,7.49,308406.68
P11017,14,Studio,37,3,0,1989,Renovated,13.91,421171.75
P11018,7,Studio,67,1,8,1961,Renovated,9.35,926449.98
P11019,9,Loft,172,5,2,1939,Good,7.97,2031090.59
P11020,2,Studio,90,2,1,1926,Renovated,12.98,737310.41
P11021,16,Loft,16,5,9,1937,Needs Renovation,5.51,203665.31
P11022,2,Apartment,165,4,4,1990,Renovated,9.91,2908035.78
P11023,13,Studio,88,4,4,1959,Needs Renovation,4.99,1362421.61
P11024,7,Studio,120,4,3,1934,New,5.91,1934013.65
P11025,13,Penthouse,146,3,4,2000,Needs Renovation,5.23,2387032.78
P11026,18,Loft,182,5,3,1953,Renovated,8.7,1740691.24
P11027,19,Penthouse,67,2,9,1950,Needs Renovation,4.88,563682.77
P11028,9,Studio,111,4,4,1877,New,12.53,1561146.52
P11029,11,Studio,124,2,9,1958,New,10.31,2110117.9
P11030,9,Apartment,92,3,3,1882,Needs Renovation,3.62,1771752.01
P11031,17,Penthouse,119,5,9,2020,Good,12.07,2279188.17
P11032,6,Apartment,180,5,5,1900,Good,3.45,2302112.38
P11033,8,Penthouse,18,2,3,1874,New,6.37,154150.38
P11034,8,Loft,112,4,8,1910,Renovated,12.83,1741205.17
P11035,6,Studio,185,3,8,1954,Good,9.1,2684512.79
P11036,19,Penthouse,107,1,1,1877,Renovated,3.81,1027214.3
P11037,19,Apartment,90,4,9,1850,Renovated,2.94,1043923.75
P11038,19,Studio,31,3,2,2023,Good,13.32,269349.77
P11039,16,Penthouse,181,2,5,2000,Good,6.58,2746439.01
P11040,16,Apartment,191,3,6,1979,New,14.04,2469396.7
P11041,2,Studio,140,3,6,1973,Good,5.72,1984342.53
P11042,1,Loft,199,5,3,2007,New,14.52,3656106.64
P11043,11,Studio,127,2,6,1973,Good,1.5,2331150.47
P11044,11,Studio,69,5,9,1936,Renovated,2.8,897412.02
P11045,2,Apartment,98,4,4,1994,Good,7.31,1150185.16
P11046,19,Studio,91,3,1,1911,New,7.94,1060954.21
P11047,17,Penthouse,66,3,6,2021,New,1.59,901528.08
P11048,12,Loft,48,2,9,1891,New,5.27,581583.39
P11049,11,Penthouse,136,2,2,1998,Renovated,1.9,1503749.89
P11050,5,Studio,106,1,4,1879,Needs Renovation,1.07,1206481.4
P11051,16,Penthouse,23,1,8,1911,Good,7.28,397758.03
P11052,18,Penthouse,54,3,3,1899,Good,0.65,449565.11
P11053,19,Studio,92,1,0,1885,Needs Renovation,7.42,1363548.88
P11054,10,Penthouse,24,1,9,1870,Good,14.21,449452.85
P11055,6,Apartment,94,4,5,1874,Needs Renovation,14.4,1262786.38
P11056,19,Apartment,134,5,5,1906,Good,4.55,2004365.96
P11057,20,Penthouse,142,1,2,2019,Good,8.89,2837943.16
P11058,19,Apartment,54,3,5,1904,Needs Renovation,1.58,905041.12
P11059,5,Penthouse,186,5,7,1961,New,14.2,3429128.71
P11060,8,Penthouse,129,5,6,1930,Renovated,9.57,1915681.89
P11061,6,Apartment,33,3,5,1891,Renovated,14.43,533163.09
P11062,15,Apartment,34,1,1,1912,Renovated,10.48,277792.23
P11063,7,Studio,33,1,1,1966,New,14.36,348404.28
P11064,12,Penthouse,95,4,3,2002,New,12.87,870555.79
P11065,1,Apartment,43,1,7,1863,Needs Renovation,4.78,484178.72
P11066,15,Loft,184,1,1,1866,Good,12.85,2946951.18
P11067,14,Loft,113,1,8,1864,Needs Renovation,0.97,2118604.94
P11068,12,Loft,177,3,3,1914,New,3.22,2142555.48
P11069,16,Studio,123,1,6,1973,Good,7.94,1332330.99
P11070,15,Apartment,126,3,6,1931,New,13.09,2076917.95
P11071,10,Apartment,68,2,1,1887,Renovated,4.31,847587.55
P11072,9,Apartment,151,3,7,1884,New,8.48,2509320.32
P11073,11,Studio,156,4,6,2002,Needs Renovation,13.39,2539910.48
P11074,6,Apartment,164,4,6,1917,New,12.42,1765268.23
P11075,11,Loft,15,1,9,1982,New,10.81,128624.5
P11076,14,Studio,56,4,1,1923,Needs Renovation,8.08,1103135.67
P11077,6,Apartment,122,2,6,1911,New,0.54,2127189.54
P11078,11,Studio,133,2,5,1894,Good,11.22,1166295.16
P11079,14,Penthouse,140,2,5,1950,Renovated,7.17,2533924.97
P11080,10,Studio,17,2,0,1856,New,4.18,160280.35
P11081,2,Loft,80,4,7,1866,Needs Renovation,4.43,725983.38
P11082,5,Apartment,83,2,2,1870,Renovated,6.17,671362.33
P11083,1,Loft,18,3,3,1950,New,1.49,234362.69
P11084,10,Loft,68,3,8,1889,Good,1.83,761704.35
P11085,4,Apartment,60,5,0,2013,Good,5.04,738966.4
P11086,6,Penthouse,113,1,8,1926,New,6.43,1855322.5
P11087,16,Apartment,66,4,9,1871,Renovated,4.91,1077155.01
P11088,13,Loft,197,3,9,1989,Needs Renovation,11.04,2270819.22
P11089,9,Apartment,98,5,4,1861,Needs Renovation,8.21,1048789.36
P11090,6,Penthouse,111,1,2,1852,Needs Renovation,4.28,1889395.15
P11091,12,Studio,25,5,9,1965,Needs Renovation,8.02,370791.5
P11092,2,Penthouse,45,3,1,1919,Needs Renovation,3.14,602604.81
P11093,15,Penthouse,174,4,1,2002,Good,8.53,2066026.85
P11094,9,Apartment,53,1,5,1974,Good,4.91,713428.1
P11095,4,Apartment,84,2,3,1938,Renovated,6.86,1578941.02
P11096,18,Loft,127,5,0,1901,Good,4.35,1777311.66
P11097,18,Apartment,128,5,5,1967,Needs Renovation,1.68,1076802.85
P11098,17,Loft,78,2,1,1936,Needs Renovation,2.87,872146.0
P11099,19,Studio,68,3,1,1943,Needs Renovation,10.17,942650.65
P11100,10,Apartment,73,5,4,1894,Needs Renovation,11.26,1153011.06
P11101,2,Studio,105,2,9,1977,New,6.95,1623113.59
P11102,15,Studio,61,5,4,1902,Good,12.61,585747.06
P11103,7,Studio,168,3,5,1974,Good,2.97,2827615.54
P11104,2,Loft,53,4,7,1913,New,9.24,719104.27
P11105,14,Studio,25,1,0,1870,Good,6.41,499459.97
P11106,20,Penthouse,116,2,1,1972,Renovated,9.89,1018865.25
P11107,3,Apartment,113,3,6,1978,Needs Renovation,13.72,1785653.8
P11108,18,Loft,98,3,1,1975,Renovated,10.67,1034093.2
P11109,9,Loft,83,1,5,2008,New,9.8,1089187.15
P11110,20,Loft,90,4,0,1919,New,13.75,1287343.73
P11111,14,Studio,145,2,9,1939,Good,10.87,2311550.67
P11112,19,Apartment,40,5,0,1993,New,9.17,380120.59
P11113,19,Apartment,194,5,6,1998,Renovated,13.11,2597359.91
P11114,18,Penthouse,169,2,5,2023,Needs Renovation,14.1,1848160.45
P11115,9,Loft,22,1,5,1870,Needs Renovation,4.19,321350.65
P11116,19,Loft,99,4,1,1942,New,8.42,1402659.76
P11117,6,Penthouse,29,2,5,1929,Needs Renovation,13.11,494085.36
P11118,5,Loft,123,5,6,2018,New,12.69,1068135.52
P11119,13,Penthouse,94,4,4,1922,Good,4.62,875505.82
P11120,2,Loft,105,5,2,1898,Renovated,9.57,873526.54
P11121,12,Apartment,86,5,6,1891,Renovated,5.61,1384838.22
P11122,10,Penthouse,41,2,8,1922,Renovated,12.95,391889.65
P11123,16,Apartment,143,2,8,1974,Good,12.29,2024025.48
P11124,5,Penthouse,139,2,1,1907,Needs Renovation,10.7,2143299.42
P11125,11,Penthouse,101,2,4,1997,Needs Renovation,12.84,876131.25
P11126,20,Apartment,126,4,0,1978,Good,0.98,1976356.28
P11127,15,Studio,119,3,7,1894,Needs Renovation,13.77,1969050.45
P11128,16,Penthouse,38,2,3,1865,New,11.43,650093.44
P11129,17,Studio,196,1,0,1928,New,7.65,2393028.97
P11130,10,Loft,82,3,9,1924,Good,4.74,1569166.01
P11131,17,Apartment,117,1,6,1908,Good,7.14,1433785.69
P11132,7,Studio,21,1,4,1928,New,3.48,393745.56
P11133,8,Apartment,141,4,4,2013,Needs Renovation,3.26,2051271.38
P11134,2,Penthouse,91,1,2,1961,Good,12.37,1240213.24
P11135,9,Penthouse,50,1,9,1932,Needs Renovation,12.04,744749.32
P11136,17,Loft,142,3,3,1950,New,1.92,1358066.02
P11137,1,Studio,178,4,4,2018,Renovated,5.81,3397090.26
P11138,16,Loft,80,5,6,1896,Good,4.36,849570.99
P11139,16,Penthouse,68,2,2,1922,Renovated,6.66,915742.49
P11140,6,Penthouse,63,5,0,1948,New,3.78,642668.27
P11141,10,Apartment,193,4,8,1972,Needs Renovation,13.7,2180957.37
P11142,2,Studio,158,4,6,1863,Good,6.85,2459684.52
P11143,8,Studio,113,5,9,1881,Good,14.14,1937447.77
P11144,9,Loft,95,5,8,2010,New,7.37,1757207.76
P11145,1,Loft,160,1,1,2002,Good,4.23,1801147.26
P11146,6,Apartment,134,2,3,1931,Good,7.14,1117219.38
P11147,9,Penthouse,191,4,2,1963,Renovated,9.14,3586551.65
P11148,14,Loft,78,5,9,1869,Renovated,12.39,1166502.54
P11149,15,Penthouse,71,5,0,1941,Good,3.93,793925.47
P11150,15,Penthouse,22,4,4,1967,Needs Renovation,14.83,379285.6
P11151,19,Apartment,59,1,0,1975,New,8.07,515727.77
P11152,17,Penthouse,128,4,9,1879,Renovated,1.84,2224735.73
P11153,10,Apartment,144,3,8,1990,Needs Renovation,13.64,2240093.25
P11154,3,Penthouse,177,1,5,1890,Renovated,10.04,1455360.34
P11155,11,Penthouse,45,4,1,1926,Renovated,12.72,784713.09
P11156,10,Studio,72,2,7,2020,Good,5.73,1188216.18
P11157,17,Studio,176,5,5,1967,New,8.25,2464071.63
P11158,20,Loft,155,3,7,1902,Renovated,5.5,2122632.43
P11159,5,Apartment,63,2,3,1860,Needs Renovation,9.64,1119088.26
P11160,10,Penthouse,160,5,3,1895,Needs Renovation,9.83,2483399.4
P11161,13,Loft,195,3,7,1947,New,2.86,2612244.13
P11162,19,Studio,87,3,8,1868,Renovated,6.4,1585050.98
P11163,8,Loft,142,3,7,1875,Renovated,6.81,1150686.78
P11164,17,Penthouse,97,2,6,2018,Good,2.61,784687.1
P11165,18,Studio,111,2,7,1982,Renovated,6.88,1124941.57
P11166,4,Loft,131,5,4,1871,Good,11.21,1956959.3
P11167,9,Studio,170,1,0,1867,Renovated,3.46,2464125.96
P11168,3,Studio,44,2,6,2010,Renovated,7.46,541416.05
P11169,8,Penthouse,180,2,1,2015,Needs Renovation,0.51,3420192.97
P11170,11,Penthouse,160,3,9,1866,Renovated,7.23,2661057.17
P11171,19,Penthouse,171,2,5,1855,Needs Renovation,7.56,3245256.09
P11172,4,Loft,154,3,2,2000,New,7.12,2409334.72
P11173,19,Apartment,118,2,4,1987,Needs Renovation,11.78,2260788.8
P11174,7,Apartment,23,4,1,1900,Needs Renovation,14.02,296147.7
P11175,17,Penthouse,49,3,7,1919,Needs Renovation,5.7,441517.25
P11176,2,Studio,161,3,8,1965,Good,14.45,2118459.9
P11177,7,Penthouse,81,3,3,1978,Needs Renovation,10.26,929332.15
P11178,19,Loft,77,5,8,1979,Good,0.86,1440641.44
P11179,11,Studio,190,3,6,1907,New,3.58,2735943.07
P11180,16,Penthouse,177,4,8,1892,Good,5.81,1855238.26
P11181,11,Apartment,191,3,6,1915,New,10.36,2303857.77
P11182,15,Penthouse,129,2,9,1927,Good,11.26,2549444.35
P11183,6,Studio,62,1,5,1939,Needs Renovation,13.54,586474.31
P11184,3,Studio,52,5,4,1876,Needs Renovation,14.23,922023.56
P11185,14,Loft,58,4,0,1976,Needs Renovation,10.49,520146.16
P11186,16,Loft,145,4,1,1895,New,12.17,2575855.87
P11187,2,Studio,172,5,4,1948,Renovated,8.73,1972806.29
P11188,1,Penthouse,173,1,4,1964,Good,14.43,1951873.25
P11189,1,Apartment,45,3,1,1954,Good,0.71,437253.45
P11190,8,Penthouse,16,5,4,2022,Renovated,13.6,285950.23
P11191,5,Apartment,34,5,1,1874,Needs Renovation,7.8,301462.98
P11192,17,Penthouse,174,2,8,1916,Good,9.9,2405286.84
P11193,3,Apartment,65,5,8,1906,Renovated,14.45,1200467.76
P11194,10,Loft,90,5,6,1980,Renovated,9.52,1351725.37
P11195,14,Studio,173,5,5,2010,Renovated,2.42,2328490.48
P11196,16,Penthouse,192,4,1,1965,Good,6.56,2794554.47
P11197,6,Loft,123,2,7,1961,New,13.18,2247682.75
P11198,8,Studio,151,2,1,1926,Good,14.43,1236847.52
P11199,7,Apartment,29,4,4,2018,Good,11.57,265630.92
